-- MySQL dump 10.13  Distrib 5.1.41, for Win32 (ia32)
--
-- Host: 127.0.0.1    Database: mamulebi
-- ------------------------------------------------------
-- Server version	5.1.41

/*!40101 SET @OLD_CHARACTER_SET_CLIENT=@@CHARACTER_SET_CLIENT */;
/*!40101 SET @OLD_CHARACTER_SET_RESULTS=@@CHARACTER_SET_RESULTS */;
/*!40101 SET @OLD_COLLATION_CONNECTION=@@COLLATION_CONNECTION */;
/*!40101 SET NAMES utf8 */;
/*!40103 SET @OLD_TIME_ZONE=@@TIME_ZONE */;
/*!40103 SET TIME_ZONE='+00:00' */;
/*!40014 SET @OLD_UNIQUE_CHECKS=@@UNIQUE_CHECKS, UNIQUE_CHECKS=0 */;
/*!40014 SET @OLD_FOREIGN_KEY_CHECKS=@@FOREIGN_KEY_CHECKS, FOREIGN_KEY_CHECKS=0 */;
/*!40101 SET @OLD_SQL_MODE=@@SQL_MODE, SQL_MODE='NO_AUTO_VALUE_ON_ZERO' */;
/*!40111 SET @OLD_SQL_NOTES=@@SQL_NOTES, SQL_NOTES=0 */;

--
-- Table structure for table `adgili`
--

DROP TABLE IF EXISTS `adgili`;
/*!40101 SET @saved_cs_client     = @@character_set_client */;
/*!40101 SET character_set_client = utf8 */;
CREATE TABLE `adgili` (
  `id` int(11) NOT NULL DEFAULT '0',
  `name` varchar(60) CHARACTER SET utf8 DEFAULT NULL,
  `nashti` varchar(60) DEFAULT NULL,
  `pic` varchar(100) DEFAULT NULL,
  `printer` varchar(100) CHARACTER SET utf8 DEFAULT NULL,
  PRIMARY KEY (`id`)
) ENGINE=MyISAM DEFAULT CHARSET=latin1;
/*!40101 SET character_set_client = @saved_cs_client */;

--
-- Dumping data for table `adgili`
--

LOCK TABLES `adgili` WRITE;
/*!40000 ALTER TABLE `adgili` DISABLE KEYS */;
INSERT INTO `adgili` VALUES (1,'ბარი','1','images/bar.png','BARI'),(3,'სამზარეულო','3','images/samzareulo.jpg','SAMZAREULO'),(4,'მაყალი','4','images/shashlik.png','BARI');
/*!40000 ALTER TABLE `adgili` ENABLE KEYS */;
UNLOCK TABLES;

--
-- Table structure for table `cats`
--

DROP TABLE IF EXISTS `cats`;
/*!40101 SET @saved_cs_client     = @@character_set_client */;
/*!40101 SET character_set_client = utf8 */;
CREATE TABLE `cats` (
  `id` int(11) unsigned NOT NULL DEFAULT '0',
  `name` varchar(60) CHARACTER SET utf8 DEFAULT NULL,
  `visible` int(11) DEFAULT '1',
  `pic` varchar(100) DEFAULT NULL,
  `adgili` varchar(60) DEFAULT NULL,
  PRIMARY KEY (`id`)
) ENGINE=MyISAM DEFAULT CHARSET=latin1;
/*!40101 SET character_set_client = @saved_cs_client */;

--
-- Dumping data for table `cats`
--

LOCK TABLES `cats` WRITE;
/*!40000 ALTER TABLE `cats` DISABLE KEYS */;
INSERT INTO `cats` VALUES (1,'ცივი კერძები',1,'images/Civi_kerdzebi.jpg','3'),(2,'სალათები',1,'images/salad.png','3'),(3,'ცხელი წვნიანი კერძები',1,'images/cxeli_Wvniani.jpg','3'),(4,'ცხელი მეორე თავი კერძები',1,'images/cxeli_kerZebi.jpg','3'),(5,'თევზეული',1,'images/seafood.png','3'),(6,'ხინკალი',1,'images/xinkali.png','3'),(7,'ცომეული',1,'images/pastry.png','3'),(8,'საწებელი',1,'images/sawebela.jpg','3'),(9,'მაყალზე მომზადებული კერძები',1,'images/shashlik.png','4'),(10,'ლუდზე მისაყოლებელი',1,'images/ludze_misayolebeli.jpg','1'),(11,'დესერტი',1,'images/deserti.jpg','1'),(12,'არაყი',1,'images/arayi.jpg','1'),(13,'ღვინო',1,'images/gvino.jpg','1'),(0,'ლუდები',1,'images/ludebi.jpg','1'),(14,'მინერალური წყალი',1,'images/mineraluri_wylebi.jpg','1'),(15,'ლიმონათი',1,'images/limonaTi.jpg','1'),(16,'წვენები',1,'images/wvenebi.jpg','1'),(17,'კონიაკები',1,'images/koniaki.jpg','1'),(18,'სიგარეტი',1,'images/sigareti.jpg','1'),(19,'ვისკი–ტეკილა',1,NULL,'1'),(20,'ნამცხვრები',1,NULL,'3'),(21,'გატეხილი ჭურჭელი',1,NULL,'3');
/*!40000 ALTER TABLE `cats` ENABLE KEYS */;
UNLOCK TABLES;

--
-- Table structure for table `logs`
--

DROP TABLE IF EXISTS `logs`;
/*!40101 SET @saved_cs_client     = @@character_set_client */;
/*!40101 SET character_set_client = utf8 */;
CREATE TABLE `logs` (
  `id` int(11) NOT NULL AUTO_INCREMENT,
  `text` text CHARACTER SET utf8,
  `dro` varchar(60) DEFAULT NULL,
  PRIMARY KEY (`id`)
) ENGINE=MyISAM DEFAULT CHARSET=latin1;
/*!40101 SET character_set_client = @saved_cs_client */;

--
-- Dumping data for table `logs`
--

LOCK TABLES `logs` WRITE;
/*!40000 ALTER TABLE `logs` DISABLE KEYS */;
/*!40000 ALTER TABLE `logs` ENABLE KEYS */;
UNLOCK TABLES;

--
-- Table structure for table `magidisdaxurva`
--

DROP TABLE IF EXISTS `magidisdaxurva`;
/*!40101 SET @saved_cs_client     = @@character_set_client */;
/*!40101 SET character_set_client = utf8 */;
CREATE TABLE `magidisdaxurva` (
  `id` int(11) unsigned NOT NULL AUTO_INCREMENT,
  `uprocentot` varchar(60) CHARACTER SET utf8 DEFAULT NULL,
  `procentit` varchar(60) CHARACTER SET utf8 DEFAULT NULL,
  `tanxa` varchar(60) CHARACTER SET utf8 DEFAULT NULL,
  `dro` varchar(60) CHARACTER SET utf8 DEFAULT NULL,
  `magida` varchar(60) CHARACTER SET utf8 DEFAULT NULL,
  `seqcia` varchar(60) DEFAULT NULL,
  `adgili` varchar(60) DEFAULT NULL,
  `procenti` varchar(60) DEFAULT NULL,
  `fasdaklebisprocenti` varchar(60) DEFAULT NULL,
  `shemadgenloba` text CHARACTER SET utf8,
  `user` varchar(60) DEFAULT NULL,
  `nanaxia` varchar(60) CHARACTER SET utf8 DEFAULT '0',
  PRIMARY KEY (`id`)
) ENGINE=MyISAM AUTO_INCREMENT=6 DEFAULT CHARSET=latin1;
/*!40101 SET character_set_client = @saved_cs_client */;

--
-- Dumping data for table `magidisdaxurva`
--

LOCK TABLES `magidisdaxurva` WRITE;
/*!40000 ALTER TABLE `magidisdaxurva` DISABLE KEYS */;
INSERT INTO `magidisdaxurva` VALUES (1,'3','3.24','3.24','1400410382','1','1','','8','',',1','70','0'),(2,'78.9','85.21','85.21','1400412286','66','4','','8','',',2,3,4,5,6,7,8,9,10,11,12,13,14','70','0'),(3,'15','15','15','1400417469','1','1','','0','',',15,16,17','65','0'),(4,'43','46.44','46.44','1400418426','65','1','','8','',',18,19,20,21,22,23,24,25,26,27','70','0'),(5,'8','8','8','1400418781','2','1','','0','',',28,29','65','0');
/*!40000 ALTER TABLE `magidisdaxurva` ENABLE KEYS */;
UNLOCK TABLES;

--
-- Table structure for table `migebebi`
--

DROP TABLE IF EXISTS `migebebi`;
/*!40101 SET @saved_cs_client     = @@character_set_client */;
/*!40101 SET character_set_client = utf8 */;
CREATE TABLE `migebebi` (
  `id` int(11) NOT NULL AUTO_INCREMENT,
  `prod_id` int(11) DEFAULT NULL,
  `raodenoba` varchar(60) DEFAULT NULL,
  `adgili` varchar(60) DEFAULT NULL,
  `ertfasi` varchar(20) DEFAULT NULL,
  `jami` varchar(20) DEFAULT NULL,
  `dro` varchar(60) DEFAULT NULL,
  `user` varchar(60) DEFAULT NULL,
  PRIMARY KEY (`id`)
) ENGINE=MyISAM AUTO_INCREMENT=6 DEFAULT CHARSET=latin1;
/*!40101 SET character_set_client = @saved_cs_client */;

--
-- Dumping data for table `migebebi`
--

LOCK TABLES `migebebi` WRITE;
/*!40000 ALTER TABLE `migebebi` DISABLE KEYS */;
INSERT INTO `migebebi` VALUES (1,79,'1','3','2','2','1400408252','73'),(2,26,'5','3','10','50','1400409126','22'),(3,391,'5','4','10','50','1400409128','22'),(4,42,'10','3','6','60','1400409454','22'),(5,637,'2','3','3','6','1400410136','22');
/*!40000 ALTER TABLE `migebebi` ENABLE KEYS */;
UNLOCK TABLES;

--
-- Table structure for table `orderedit`
--

DROP TABLE IF EXISTS `orderedit`;
/*!40101 SET @saved_cs_client     = @@character_set_client */;
/*!40101 SET character_set_client = utf8 */;
CREATE TABLE `orderedit` (
  `id` int(11) NOT NULL AUTO_INCREMENT,
  `orderid` int(11) unsigned DEFAULT NULL,
  `raodenoba` int(11) unsigned DEFAULT '0',
  PRIMARY KEY (`id`)
) ENGINE=MyISAM DEFAULT CHARSET=latin1;
/*!40101 SET character_set_client = @saved_cs_client */;

--
-- Dumping data for table `orderedit`
--

LOCK TABLES `orderedit` WRITE;
/*!40000 ALTER TABLE `orderedit` DISABLE KEYS */;
/*!40000 ALTER TABLE `orderedit` ENABLE KEYS */;
UNLOCK TABLES;

--
-- Table structure for table `product`
--

DROP TABLE IF EXISTS `product`;
/*!40101 SET @saved_cs_client     = @@character_set_client */;
/*!40101 SET character_set_client = utf8 */;
CREATE TABLE `product` (
  `id` int(11) NOT NULL AUTO_INCREMENT,
  `saxeli` varchar(100) CHARACTER SET utf8 DEFAULT NULL,
  `cat` int(11) DEFAULT NULL,
  `fasi` varchar(60) DEFAULT NULL,
  `adgili` varchar(60) CHARACTER SET utf8 DEFAULT NULL,
  `raodenoba` varchar(60) DEFAULT NULL,
  `shemadgenloba` varchar(200) DEFAULT NULL,
  `visible` int(11) DEFAULT '1',
  PRIMARY KEY (`id`)
) ENGINE=MyISAM AUTO_INCREMENT=562 DEFAULT CHARSET=latin1;
/*!40101 SET character_set_client = @saved_cs_client */;

--
-- Dumping data for table `product`
--

LOCK TABLES `product` WRITE;
/*!40000 ALTER TABLE `product` DISABLE KEYS */;
INSERT INTO `product` VALUES (25,'ნადუღი პიტნით',1,'3.00','3','',',68:0.010,67:0.250,',1),(23,'გუდა',1,'8.00','3','',',44:0.200,',0),(24,'ყველის ასორტი',1,'8.00','3','',',42:0.150,1:0.150,36:0.005,92:0.002',1),(22,'შებოლილი სულგუნი',1,'6.00','3','',',25:0.200,',1),(21,'სულგუნი',1,'6.00','3','',',1:0.250,',1),(20,'სუფრის მწვანილი',1,'4.00','3','',',36:0.020,37:0.020,38:0.010,39:0.020,40:0.020,41:0.050,',1),(19,'იმერული ყველი',1,'5.00','3','',',42:0.250,',1),(26,'ნადუღი სულგუნის ფირფიტებში',1,'4.50','3','',',1:0.010,67:0.250,68:0.010,',1),(27,'მჟავის ასორტი',1,'3.50','3','',',46:0.050,47:0.100,48:0.100,',1),(28,'ბადრიჯანი ნიგვზით',1,'3.50','3','',',50:0.300,51:0.050,52:0.005,54:0.005,59:0.005,56:0.005,57:0.005,102:0.005,29:0.005,2:0.002,',1),(29,'ბადრიჯანი ნივრით',1,'4.50','3','',',50:0.300,29:0.005,63:0.005,59:0.007,52:0.005,',0),(30,'ისპანახი ნიგვზით',1,'3.50','3','',',70:0.500,51:0.060,29:0.005,52:0.010,71:0.010,56:0.005,72:0.005,63:0.005,',1),(31,'კუჭმაჭი ნიგვზით',1,'5.00','3','',',73:0.250,51:0.040,71:0.090,63:0.090,74:0.090,75:0.030,56:0.030,72:0.030,76:0.030,29:0.030,52:0.030,',1),(32,'ბაჟე',1,'2.00','3','',',51:0.060,29:0.005,56:0.005,75:0.005,2:0.005,72:0.005,59:0.005,56:0.005,',1),(33,'მოხარშული ბურვაკის ხორცი',1,'8','3','',',77:0.300,2:0.010,60:0.005,23:0.010,',1),(34,'მოხარშული ენა',1,'4.00','3','',',61:0.250,2:0.002,134:0.010',1),(35,'მოხარშული დედალი',1,'25','3','',',110:1.400,2:0.002,36:0,020',1),(37,'ზეთისხილი',1,'2.50','3','',',65:0.200,66:0.010,',1),(38,'კ/პ სალათა გლეხურად',2,'3.00','3','',',79:0.100,80:0.100,23:0.030,38:0.010,81:0.005,36:0.005,63:0.010,27:0.010,2:0.005,',1),(39,'კ/პ სალათა ნიგვზით',2,'5.00','3','',',79:0.100,80:0.100,23:0.030,38:0.010,81:0.005,36:0.005,63:0.010,51:0.040,2:0.005,',1),(40,'კ/პ სალათა მაიონეზით',2,'5.00','3','',',79:0.100,80:0.100,23:0.030,38:0.010,81:0.005,63:0.010,27:0.010,2:0.005,49:0.050',1),(41,'ქათმის სალათი',2,'3.50','3','',',53:0.110,2:0.005,30:0.005,41:0.150,79:0.100,85:0.010,39:0.010,49:0.100,',1),(396,'ელბი 0.5',12,'15.00','1','',',413:1,',0),(397,'ელბი ჟოლო 0.5',12,'16.00','1','',',414:1,',0),(43,'იტალიური სალათი',2,'5.00','3','',',53:0.090,2:0.005,30:0.005,80:0.060,90:0.060,49:0.060,85:0.005,39:0.005,1:0.060,',1),(44,'ოლივიე',2,'3.50','3','',',87:0.100,92:0.060,93:0.050,94:1,30:0.005,2:0.005,85:0.005,39:0.005,49:0.100,',1),(59,'ხინკალი სოკოთი',6,'0.70','3','',',27:0.070,23:0.020,59:0.005,102:0.002,2:0.005,100:0.100,',1),(58,'ხინკალი მთიულური ',6,'0.50','3','',',26:0.030,106:0.010,23:0.005,2:0.003,30:0.001,125:0.001,59:0.002,68:0.002,90:0.005,34:0.017,',1),(57,'გომი პრესტიჟი 0.5',12,'12.00','1','',',199:1,',1),(56,'იმერული ხაჭაპური',7,'6.0','3','',',34:0.200,42:0.250,127:0.020,128:0.005,94:1,2:0.005,',1),(55,'ღორის მწვადი კახურათ',9,'6.00','4','',',20:0.200,23:0.02,2:0.001,',1),(60,'ოსტრი კეცზე',4,'5.00','3','',',26:0.200,23:0.010,2:0.002,102:0.002,29:0.002,71:0.010,33:0.010,56:0.002,24:0.020,',1),(61,'ლუდი სტელა',0,'3.00','1','',',204:1,',1),(63,'ცხვრის მწვადი',9,'7.00','4','',',69:0.200,23:0.020,2:0.010,',1),(64,'მწვანილის კალათი',1,'3.00','3','',',36:0.020,37:0.020,38:0.010,39:0.020,40:0.020,41:0.020,',1),(66,'ჰოლანდიური ყველი',1,'7.00','3','',',45:0.200,',0),(446,'შამპ. სამეფო',13,'10.00','1','',',504:1,',1),(77,'შებოლილი ლორი',1,'4.00','3','',',78:0.250,2:0.010,',1),(400,'ნატახტარი 0,400',0,'1.5','1','',',200:1,',1),(79,'სალათი ცეზარი',2,'8.00','3','',',297:0.050,82:0.170,83:0.020,2:0.02,49:0.050,45:0.050,',1),(165,'მაშარაფი',8,'1.00','3','',',145:0.050,',1),(401,'ზედაზენი 0,5',15,'1.5','1','',',415:1,',0),(402,'ლიმონათი ნატახტარი 0,5',15,'1.5','1','',',345:1,',1),(403,'ლიკანი 0,5',14,'1.5','1','',',416:1,',1),(84,'ენის სალათი სულგუნით',2,'3.50','3','',',61:0.100,91:0.020,79:0.060,2:0.002,30:0.002,85:0.002,39:0.003,49:0.060,',1),(430,'მედოფი 1ლ',12,'21.00','1','',',493:1,',1),(445,'ივერიონი ორიგ. 0.5',12,'11.00','1','',',503:1,',1),(86,'თათარიახნი',3,'4,00','3','',',26:0.250,29:0.010,54:0.010,2:0.003,',1),(87,'სუფ ხარჩო',3,'5.0','3','',',26:0.250,98:0.030,24:0.010,23:0.040,59:0.010,56:0.005,72:0.005,2:0.005,27:0.010,33:0.015,',1),(88,'ჩიხირთმა',3,'4.00','3','',',53:0.150,23:0.020,71:0.005,34:0.005,2:0.010,30:0.005,29:0.005,94:1,',1),(89,'ხბოს ჩაშუშული',4,'8.00','3','',',101:0.200,23:0.010,2:0.002,102:0.002,29:0.002,90:0.050,27:0.010,33:0.010,24:0.020,80:0.050,56:0.002,',1),(90,'ხბოს ჩაქაფული',4,'8.00','3','',',101:0.200,39:0.010,2:0.002,102:0.002,29:0.002,59:0.002,33:0.010,103:0.100,37:0.050,105:0.030,',1),(404,'ბორჯომი 0,5',14,'1.5','1','',',418:1,',1),(405,'ნაბეღლავი 0,5',14,'1.5','1','',',417:1,',1),(92,'კუპატი კეცზე',4,'5.00','3','',',26:0.150,106:0.130,23:0.040,107:0.020,29:0.010,2:0.005,56:0.030,102:0.020,30:0.010,108:0.050,',1),(93,'აფხაზურა',4,'5.00','3','',',26:0.150,106:0.100,23:0.070,29:0.050,107:0.080,109:0.050,56:0.020,59:0.020,102:0.020,2:0.010,',1),(94,'ოჯახური კეცზე',4,'7.00','3','',',20:0.200,87:0.150,27:0.050,23:0.100,30:0.005,29:0.010,2:0.005,',1),(95,'ტაბაკა',4,'13.00','3','',',196:1,2:0.010,30:0.005,27:0.200,',1),(96,'წიწილა შქმერულად კეცზე',4,'15.00','3','',',111:1,29:0.100,33:0.050,2:0.020,49:0.100,',1),(97,'ღორის ჯიგარი კეცზე',4,'5.00','3','',',112:0.250,23:0.100,2:0.010,30:0.005,27:0.040,29:0.010,56:0.010,76:0.005,52:0.010,',1),(406,'test test test test 0.250',1,'0.0','3','',',',1),(407,'ხორტ პროხლ 0.5',12,'14.00','1','',',423:1,',1),(100,'საქონლის ტვინი კეცზე',4,'4.00','3','',',114:0.250,2:0.010,23:0.050,27:0.050,30:0.005,',1),(101,'ტვინი სულგუნით და კვერცხით',4,'5.00','3','',',114:0.250,2:0.010,23:0.050,27:0.050,30:0.005,94:1,1:0.050,',1),(103,'ხაშლამა საქონლის',4,'12.00','3','',',26:0.250,23:0.020,2:0.010,60:0.001,',1),(104,'კარეიკა',4,'7.00','3','',',20:0.250,87:0.150,27:0.080,2:0.010,30:0.005,',0),(105,'ფილე რუსთავულად',4,'14.00','3','',',117:0.900,33:0.050,59:0.020,85:0.020,74:0.020,30:0.010,103:0.050,49:0.050,29:0.010,',1),(106,'ხბოს მწვადი კეცზე',4,'8.00','3','',',101:0.250,2:0.010,30:0.010,35:0.010,27:0.030,33:0.020,',1),(108,'სოკო ჩაშუშული კეცზე',4,'5.00','3','',',100:0.250,2:0.002,27:0.040,59:0.010,30:0.002,29:0.002,23:0.010,71:0.015',1),(109,'ქამა სოკო კეცზე',4,'6.00','3','',',100:0.250,2:0.002,27:0.040,33:0.040,',1),(110,'ქამა სოკო სულგუნით კეცზე',4,'7.00','3','',',100:0.250,2:0.002,27:0.040,1:0.070,',1),(111,'სოკოს ჩაქაფული',4,'6.00','3','',',490:0.250,37:0.030,39:0.010,33:0.040,103:0.100,2:0.005,59:0.020,',1),(112,'მწყერი',4,'5.00','3','',',118:1,2:0.002,27:0.020,',1),(113,'კარტოფილი ფრი',4,'2.5','3','',',87:0.250,2:0.005,27:0.030,',1),(114,'ახალი კარტოფილი სეზონურად',4,'4.00','3','',',119:0.250,2:0.005,27:0.030,85:0.010,',1),(115,'ლობიო ქოთანში',4,'4.00','3','',',120:0.250,23:0.030,27:0.050,59:0.005,72:0.010,76:0.005,29:0.005,2:0.005,',1),(119,'ლოქო ქინძმარში',5,'10.00','3','',',123:0.250,59:0.015,29:0.005,72:0.005,2:0.005,63:0.050,',1),(340,'ნემიროვ ხორბლის 0.2',12,'7.00','1','',',347:1,',0),(121,'ხინკალი ქალაქური',6,'0.50','3','',',26:0.012,106:0.003,357:0.002,23:0.005,2:0.003,30:0.001,125:0.001,71:0.025,34:0.017',1),(122,'ხინკალი ყველით',6,'0.70','3','',',42:0.050,33:0.005,34:0.017,',1),(123,'ხინკალი კარტოფილით',6,'0.40','3','',',87:0.050,2:0.005,27:0.005,34:0.017,30:0.005,33:0.005,',1),(167,'ხორტიცა კლასიკური 1.0',12,'22.00','1','',',213:1,',0),(125,'მეგრული ხაჭაპური',7,'7.00','3','',',42:0.200,1:0.100,34:0.400,127:0.020,128:0.005,2:0.005,94:1,49:0.020,',1),(126,'აჭარული ხაჭაპური',7,'5.00','3','',',42:0.075,34:0.250,94:1,33:0.020,',1),(127,'პიცა',7,'12.00','3','',',34:0.250,100:0.100,129:0.20,297:0.100,90:0.030,65:0.050,49:0.015,45:0.080,',1),(128,'ლობიანი',7,'5.00','3','',',120:0.250,34:0.400,27:0.065,2:0.005,30:0.005,',1),(129,'მჭადი',7,'1.00','3','',',130:0.100,27:0.200,2:0.003,',1),(130,'მჭადი კეცზე',7,'3.00','3','',',130:0.100,27:0.010,2:0.003,',1),(131,'ჭვიშტარი',7,'2.50','3','',',130:0.100,27:0.150,2:0.001,42:0.040,',1),(132,'ბლინი ხორცით',7,'1.00','3','',',94:1,2:0.002,27:0.130,34:0.080,26:0.100,76:0.002,102:0.002,30:0.002,2:0.004,29:0.002,23:0.050,',1),(168,'ხორტიცა პლატინიუმი 0.5',12,'14.0','1','',',509:1,',0),(169,'ხორტიცა პლატინიუმი 0.7',12,'17.00','1','',',215:1,',0),(170,'ხორტიცა პლატინიუმი 0.2',12,'6.00','1','',',218:1,',0),(135,'ბლინი სოკოთი',7,'1.00','3','',',34:0.080,27:0.050,100:0.100,23:0.050,59:0.005,2:0.005,102:0.003,29:0.003,',1),(136,'შოთი',7,'1.00','3','',',222:1,',0),(138,'ტყემალი',8,'1.00','3','',',103:0.200,',1),(139,'ტომატის საწებელი',8,'1.00','3','',',24:0.050,59:0.010,29:0.005,102:0.003,23:0.015,',1),(140,'მაიონეზის საწებელი',8,'1.50','3','',',49:0.100,29:0.005,2:0.003,',1),(141,'ნიორწყალი',8,'1.00','3','',',29:0.050,2:0.003,',1),(151,'თელ/ველ საფერავი 0.750',13,'17.00','1','',',152:1,',1),(162,'ღორის კანჭი ',4,'22.00','3','',',137:1,139:0.100,',1),(163,'ხბოს ნეკნი აჯიკით',4,'10.00','3','',',101:0.250,2:0.005,139:0.050,27:0.150,33:0.050,',1),(171,'ხორტიცა კლასიკური 0.2',12,'7','1','',',219:1,',0),(173,'მედავუხი მაისკაია 0.5',12,'9.00','1','',',217:1,',0),(174,'პარლამენტი 0.5',12,'17.00','1','',',210:1,',1),(175,'მედოფი კლ. 0.7',12,'17.00','1','',',159:1,',1),(176,'მედოფი სამეფო 0.5',12,'15.00','1','',',160:1,',1),(177,'არაყი მედოფი კლასიკური 0.5',12,'12.20','1','',',162:1,',1),(185,'ხლებნი დარი კლასიკური 0.7',12,'18','1','',',229:1,',1),(186,'ხლებნი დარი კლასიკური 0.5',12,'15.00','1','',',230:1,',1),(206,'პელმენი ქოთანში',4,'4.00','3','',',26:0.14,106:0.06,23:0.1,30:0.02,2:0.04,34:0.4,',0),(207,'პილმენი არაჟანით',4,'4.50','3','',',26:0.14,106:0.06,23:0.1,30:0.02,2:0.04,34:0.4,233:0.6,',0),(215,'ნემიროვ წიწაკის 0.2',12,'7','1','',',346:1,',0),(217,'ნემიროვ 0.5 ხორბლის',12,'16.50','1','',',193:1,',1),(218,'ნემიროვ ბერიოზა 0.5',12,'16.50','1','',',192:1,',1),(219,'ნემიროვ წიწაკის 0.5',12,'17','1','',',348:1,',0),(221,'ნემიროვ ლექს 0.5',12,'30.00','1','',',195:1,',0),(224,'ქაბაბი შამფურზე',9,'5.00','4','',',26:0.150,20:0.150,23:0.010,2:0.005,72:0.005,76:0.005,29:0.005,141:0.005,506:0.200,507:0.050,',1),(226,'სუკის მწვადი',9,'10.00','4','',',117:0.250,23:0.010,2:0.05,',1),(227,'ჩალაღაჯის მწვადი',9,'7.50','4','',',235:0.240,23:0.010,2:0.05,',1),(230,'ღვიძლის მწვადი ბადეში',9,'7.00','4','',',112:0.250,30:0.010,109:0.040,2:0.05,',1),(232,'ქათმის მწვადი',9,'6','4','',',53:0.250,23:0.020,2:0.005,24:0.010,49:0.010,27:0.010,',1),(233,'ლოქო შამფურზე',9,'10.00','4','',',23:0.020,27:0.010,508:0.200,',1),(236,'ღორის ნეკნი',9,'7.00','4','',',20:0.250,23:0.010,2:0.05,',1),(237,'ჩაი',11,'1.5','1','',',238:1,',1),(238,'უნალექო ყავა',11,'2.00','1','',',239:1,135:0.020,',1),(239,'სანთებელა',18,'1.00','1','',',240:1,',1),(242,'მარლბორო ',18,'5.00','1','',',242:1,',1),(244,'ნალექიანი ყავა',11,'1.5','1','',',250:1,135:0.010,',1),(249,'მიწის თხილი',10,'1.0','1','',',245:1,',1),(258,'მდოგვი',8,'1.00','3','',',134:1,',1),(259,'კ/პ მწვანილით',1,'5.00','3','',',79:0.200,80:0.200,21:0.120,',1),(260,'პარლამენტი',18,'5.00','1','',',262:1,',1),(261,'ჩიფსი პატარა',10,'1.2','1','',',244:1,',1),(265,'ნემიროვი 1.0',12,'25.00','1','',',266:1,',0),(269,'კარტოფილი ოჯახურად',4,'5.00','3','',',87:0.250,23:0.50,27:0.15,2:0.05,90:0.030,',1),(270,'ლიმონი',11,'1.00','3','',',66:1,',1),(276,'ხილის ასორტი',11,'10.00','3','',',282:0.200,256:0.180,254:0.140,255:0.192,97:0.256,',1),(277,'ხილის ასორტი ლაფა',11,'15.00','3','',',282:0.200,256:0.180,254:0.140,255:0.192,97:0.256,,353:0.100',1),(279,'შემწვარი გოჭი 1ცალი',1,'190.00','3','',',293:1,27:0.100,',0),(283,'პრასი ნიგვზით',1,'3.50','3','',',292:0.250,51:0.30,2:0.05,',1),(290,'ხაჭაპური შამფურზე',9,'7.00','3','',',34:0.150,1:0.150,127:0.020,128:0.005,94:1,49:0.020,2:0.005,',1),(298,'ჩიფსი საშუალო',10,'3.50','1','',',312:1,',1),(299,'თურქული სალათი',2,'5.50','3','',',82:0.150,79:0.130,65:0.50,27:0.05,2:0.02,66:1,',1),(301,'კალმახი შემწვარი',5,'5.00','3','',',124:1,27:0.100,',1),(303,'გოჭის ხორცი',1,'22.00','3','',',315:0.250,27:0.100,',1),(317,'ვინსტონი',18,'3.00','1','',',247:1,',1),(322,'ჩამ. არაყი 0.500',12,'5.00','1','',',329:0.500,',0),(329,'სალა',1,'5.00','3','',',106:0.150,',0),(335,'ბადრიჯნის და ისპანახის ასორტი',1,'6.00','3','',',50:0.150,70:150,',1),(353,'თელ ველ კახური 8',13,'10.00','1','',',374:1,',1),(352,'ცხვრის ხაშლამა',4,'15.00','3','',',69:0.500,',1),(390,'ლობიანი შამფურზე',9,'5.00','3','',',120:0.250,34:0.400,27:0.065,2:0.005,30:0.005,',1),(346,'სუხარი',10,'1.00','1','',',351:1,',1),(354,'ბოსტნეულის მწვადი',9,'5.00','4','',',80:0.400,',1),(351,'კუბდარი',7,'6.00','3','',',26:0.250,357:0.075,23:0.200,29:0.05,34:0.2,125:0.002,72:0.001,57:0.001,35:0.003,358:0.040,27:0.020,2',1),(343,'კალმახი შამფურზე',5,'6','4','',',124:1,',1),(347,'ჩეჩილი ყველი',10,'2.00','1','',',494:1,',1),(399,'მთიელი 0,400',0,'1.5','1','',',201:1,',1),(345,'მაწონი ნივრით',8,'1.00','3','',',278:0.100,29:0.50,',1),(348,'ლაფა',11,'5.00','1','',',353:0.100,',1),(447,'ხილის ასორტი (საზ–ნესვი)',11,'10','3','',',505:1,510:0.300,',1),(350,'ყავა ამერიკანო',11,'3','1','',',495:1,356:2,',0),(358,'ღვინო ჩამოსასხმელი 1.500',13,'5.00','1','',',383:1,',1),(359,'სერებრო 0.7',12,'27.00','1','',',377:1,',1),(360,'საფირმო პატარა',4,'15.00','3','',',20:0.500,100:0.100,39:0.050,134:0.015,139:0.015,105:0.150,2:0.010,80:0.050,79:0.050,66:0.50,358:0.040',1),(361,'ბასტურმა',9,'5.00','4','',',391:0.200,',1),(362,'არაყი გომი 1ლ',12,'20.00','1','',',136:1,',0),(363,'ხორტიცა აისი 0.5',12,'14.80','1','',',214:1,',1),(364,'წვენი',16,'4.00','1','',',268:1,',1),(366,'წყალი 0,5',14,'1.00','1','',',378:1,',1),(367,'სარაჯ. 5* 0.2',17,'17.00','1','',',366:1,',1),(368,'სარაჯ. 5* 0.5',17,'30','1','',',367:1,',1),(369,'სარაჯ. 5* 0.350',17,'20.00','1','',',368:1,',1),(370,'სარაჯ. 3* 0.2 ',17,'14.00','1','',',369:1,',1),(371,'სარაჯ. 3* 0.350',17,'18.00','1','',',370:1,',1),(372,'სარაჯ. VS 0.350',17,'28.00','1','',',371:1,',1),(373,'სარაჯ. VS 0.5',17,'35.00','1','',',372:1,',1),(374,'ალაზნის ველი წითელი',13,'11.00','1','',',394:1,',1),(375,'თელ/ველ ევროპული',13,'10.00','1','',',408:1,',1),(376,'სარაჯ. შარდონე',13,'15.00','1','',',359:1,',1),(377,'სარაჯ. საფერავი 2008',13,'64.00','1','',',360:1,',1),(378,'სარაჯ. მწვანე 2011',13,'38.00','1','',',362:1,',1),(379,'სარაჯ. რქაწითელი 2011',13,'37.00','1','',',373:1,',1),(380,'სარაჯ. რქაწითელი 2009',13,'22.00','1','',',363:1,',1),(381,'სარაჯ. გლინსტეინი',13,'25.00','1','',',364:1,',1),(382,'სარაჯ. ქინძმარაული2008',13,'22.00','1','',',365:1,',1),(383,'დანსკა 0,5',12,'30.00','1','',',402:1,',0),(384,'დანსკა 0.7',12,'42.00','1','',',403:1,',1),(385,'ჩაი ჩაიდნით',11,'3.00','3','',',491:0.017,66:0.5,492:0.070,',1),(386,'სამეფო ხაჭაპური',7,'10.00','3','',',42:0.300,358:0.040,94:1,1:0.230,34:0.200,128:0.005,2:0.005',1),(387,'არაყი ფინორდი 0.5',12,'9.70','1','',',410:1,',1),(388,'ხან ქაბაბი',9,'10.00','4','',',489:0.250,',1),(389,'ბატკნის ჩაქაფული',4,'8.00','3','',',387:0.200,39:0.010,2:0.002,102:0.002,29:0.002,59:0.002,33:0.010,103:0.100,37:0.050,105:0.030,',1),(391,'სერებრო 0.5',12,'20.00','1','',',488:1,',1),(392,'წიწაკა',2,'1.00','3','',',38:1,',1),(394,'ტაბაკა ნახევარი პორცია',4,'8.00','3','',',196:0.5,2:0.005,30:0.005,27:0.200,',1),(395,'სობიესკი 0.5',12,'19.80','1','',',412:1,',1),(408,'სულგუნი კეცზე',4,'7.00','3','',',1:0.250,94:1,34:0.100,33:0.070,',1),(409,'ხბოს სალათი',2,'3.50','3','',',101:0.120,41:0.150,39:0.010,85:0.010,30:0.002,79:0.050,49:0.070,',1),(410,'ნემიროვი 0.7',12,'22.00','1','',',481:1,',1),(412,'სტალიჩნაია 0.7',12,'27','1','',',483:1,',1),(413,'სტალიჩნაია 0.5',12,'22.00','1','',',482:1,',1),(429,'არაყი გრადუსი 0.5',12,'13.00','1','',',486:1,',1),(428,'სტალიჩნაია 1.0',12,'36','1','',',484:1,',0),(415,'მადამ ბოვარი',4,'8.00','3','',',100:0.050,117:0.070,1:0.040,49:0.040,80:0.050,56:0.007,102:0.007,29:0.007,2:0.020,',1),(418,'დანსკა 1ლ',12,'50.00','1','',',485:1,',1),(422,'ლოვენ ბრაო 0.5',0,'3.50','1','',',487:1,',1),(423,'სოკოს კუბდარი',7,'6.00','3','',',100:0.200,23:0.030,125:0.002,102:0.002,35:0.002,358:0.050,2:0.010,34:0.200,',1),(424,'არაყი გრაფინი 0.5',12,'13.00','1','',',420:1,',1),(425,'არაყი გრუმი 0.5',12,'7.00','1','',',231:1,',1),(426,'ივერიონი კლას0.5',12,'9.00','1','',',480:1,',1),(427,'თეთრი ხორცი',9,'7.00','4','',',390:0.250,',1),(432,'ყავა ექსპრესო',11,'2.00','1','',',495:1,356:1,',0),(433,'საქონლის გული',9,'7.00','4','',',496:0.250,',1),(435,'შამპ სოვეცკაია',13,'12.00','1','',',498:1,',1),(436,'ლავაში',7,'1.00','3','',',499:1,',1),(437,'საიმაა 0.5',12,'25.00','1','',',500:1,',1),(444,'წვენი ჯუსი',16,'4.00','1','',',502:1,',1),(440,'არყის ჭიქა',21,'2.00','3','',',',1),(441,'ბაკალი',21,'5.00','3','',',',1),(442,'თეფში',21,'5.00','3','',',',1),(443,'ლიმონათის ჭიქა',21,'2.00','1','',',',1),(486,'სარაჯ3* 05',17,'28.00','1','',',',1),(448,'ხბოს მწვადი',9,'10.00','4','',',511:0.250 ?????,',1),(449,'სოფლის დედალი',4,'35.00','3','',',512:1??,',1),(450,'სოკოს სალათა ',2,'3.50','3','',',513:???? 200????? ??????0.05????? ??????? ???????? 0.10?????,',1),(451,'დიროლი',11,'1.50','1','',',514:1,',1),(452,'არაყი ცარიცა 0.5',12,'11.00','1','',',515:1,',1),(453,'საფირმო მწვადი',9,'10.00','4','',',517:1,',1),(454,'საქონლის კუდი 0.500',9,'10.00','4','',',518:1,',1),(455,'ფხლოვანა',7,'5.00','3','',',520:???? 0.200 ?? ????????? ?????? 0.200?? ??????.20??,',1),(456,'ცხვრის ნეკნი',9,'8.00','4','',',522:0.250,',1),(457,'ზაქის მწვადი',9,'8.00','4','',',524:1,',1),(458,'პიცა სამარვო',7,'10.00','3','',',525:?????? 0.250 ???? ???? .050 ???????? 0.030 ?????? 0.010 ????????? 0.050,',1),(459,'(საზ–ნესვი) 0.5 პატარა',11,'5.00','3','',',527:1,',1),(460,'ხორტიცა აისი 07',12,'20.00','1','',',528:1,',1),(553,'ბოსტ.რაგუ',4,'5.00','3','',',631:,',1),(461,'ქილ ნატახტარი 0.5',0,'2.00','1','',',529:1,',1),(462,'ბლინჩიკი',4,'1.00','3','',',535:1,',1),(463,'ქათმის გულ გვიდზლი',4,'5.00','3','',',536:?????? ??? ??????? 0.250 ????? ?????? 0.20????? ????? 0.20????? ????0.30 ?????,',1),(464,'ბელი–ამურ',9,'10.00','4','',',537:.????–???? 0.250 ?????. ?????? 0.5 ?????. ???? 0.5?????,',1),(465,'საქონლის ჯიგარი',1,'5.00','3','',',',1),(466,'ტალკა 0.5',12,'11.00','1','',',541:1,',1),(467,'ენერჯი სასმელი',15,'3.00','1','',',540:1,',1),(468,'სოფლის ვარია',4,'25.00','3','',',',1),(469,'ცხვრის ხინკალი',6,'0.60','3','',',',1),(470,'კურდღელი',4,'25.00','3','',',',1),(471,'სობიესკი 0.7',12,'27.00','1','',',377:1,',0),(472,'მერნაია05',12,'14.70','1','',',546:1,',1),(473,'ხბოს კანჭი',1,'22.00','3','',',547:1,',1),(474,'საქონლის კუდი',4,'10.00','3','',',518:0.500,',1),(475,'გოჭი',4,'250','3','',',549:1,',1),(476,'ლობიანი ყველით',7,'8.00','3','',',550:1,',1),(477,'ხლებნი დარ0.200',12,'7.00','1','',',551:1,',1),(478,'ბექსი ლუდი',0,'3.00','1','',',552:1,',1),(479,'სპატენი ლუდი',0,'3.50','1','',',553:1,',1),(480,'ამერიკანო',11,'3.00','1','',',554:1,',1),(481,'ექსპრესო',11,'2.00','1','',',555:1,',1),(482,'სობიესკი0.7ლ',12,'27.00','1','',',556:1,',1),(483,'ჩოხ ღვინო',13,'20','1','',',557:1,',1),(484,'დოძი ღვინო',13,'25.00','1','',',558:1,',1),(485,'ხბო აჟიკით',4,'10.00','3','',',559:1,',1),(487,'გოჩი',4,'12.00','3','',',',0),(488,'ნამცხვარი',11,'2.50','3','',',',1),(489,'ტალსტალობიკი',9,'10.00','4','',',',1),(490,'ეფესი',0,'1.80','1','',',',1),(491,'ბუს–კვერცხი',4,'15.00','3','',',',1),(492,'კაიზერი',0,'1.80','1','',',',1),(493,'ინდაურის მწვადი',9,'10.00','4','',',567:,',1),(494,'ბუხარი',21,'10.00','3','',',',1),(495,'ღომი',4,'2.5','3','',',569:,',1),(496,'კარტოფილი ფოლგაში',4,'8.00','3','',',570:,',1),(497,'კომბ. რულეტი',2,'3.00','3','',',571:,',1),(498,'ჭარხ.ვინეგრეტი',1,'3.00','3','',',573:,',1),(499,'სოკოს ოსტრი',4,'5.00','3','',',574:,',1),(500,'ხაჭ.კარტოფილის',7,'3.00','3','',',575:,',1),(501,'ლობიოს სალათ',1,'3.00','3','',',576:,',1),(502,'ბოსტ.ტოლმა',4,'4.00','3','',',577:,',1),(503,'ტკბილი ფლავი',1,'3.50','3','',',578:,',1),(504,'სოკოს შილა',4,'4.00','3','',',',1),(505,'ამსტერდამი',1,'4.00','3','',',580:,',1),(506,'ყვავილოვანი კომბოსტო',1,'3.00','3','',',581:,',1),(507,'კრაბის სალათ',1,'3.50','3','',',582:,',1),(508,'სტაფილო ნიგოზით',1,'3.00','3','',',583:,',1),(509,'თევზის ოსტრი',5,'5.00','3','',',584:,:,',1),(510,'თევზის ბაჯე',5,'5.00','3','',',585:,',1),(511,'შემწ. სტავრიდა',5,'4.00','3','',',',1),(512,'ხილის ასორტი',1,'20.00','3','',',:,',0),(513,'ხბოს კანჭი',4,'22.00','3','',',:,',1),(541,'საზანი0.250',9,'10.00','4','',',618:,',1),(514,'ერბო კვერცხი',4,'1.00','3','',',589:,',1),(515,'გრადუსი შავი',12,'14.50','1','',',590:,',1),(516,'ლახმანჯო',7,'6.00','3','',',591:???? 0.100 ????? 0.50 ,',1),(517,'კომბოსტოს მჟავე',1,'1','3','',',592:,',0),(518,'ნივრის მწნილი',1,'1','3','',',',0),(519,'გომი ორიგინალი',12,'7.50','1','',',',1),(520,'მალბორო წვრილი',18,'4.5','1','',',',1),(521,'ვისტონი წვრილი',18,'4','1','',',',1),(522,'ცოცხალი',5,'10.00','3','',',597:.250,',1),(523,'მექსიკურად კარტ.',4,'3.00','3','',',599:.500,',1),(524,'შილა',4,'3.50','3','',',600:,',1),(525,'ენა ფრანგულათ',4,'5.00','3','',',',1),(526,'ჟულიენი',4,'5.00','3','',',',1),(527,'სკუმბრია შემწვარი',5,'3.50','3','',',604:,',1),(528,'სკუმბრია ქინძმარში',5,'3.50','3','',',603:,',1),(529,'ტოლმა',4,'8.00','3','',',605:,',1),(530,'სარაჯიშვილი vsop 1ლ',17,'70.00','1','',',606:,',1),(531,'კოკა კოლა ',15,'2.00','1','',',607:,',1),(532,'ფანტა',15,'2.00','1','',',608:,',1),(533,'ბანბანერკა',11,'45.00','1','',',609:,',1),(534,'სარაჯიშვილი vsop 0.5',17,'50.00','1','',',610:,',1),(535,'ასკანდელი',17,'30.00','1','',',611:,',1),(536,'ჭაჭა 0.5',12,'5.00','1','',',613:0.500,',1),(537,'კოკა კოლა 1.00',15,'3.00','1','',',614:,',1),(538,'ფანტა 1.500',15,'5.50','1','',',615:,',1),(539,'საირმე1.00',14,'2.50','1','',',616:,',1),(540,'კ/პ თურქულათ',2,'4.50','3','',',617:,',1),(542,'გოჭის შეწვა',3,'10.00','3','',',619:,',1),(543,'სიმინდის ზეთი',9,'3.90','4','',',620:,',0),(544,'ხარჩო',3,'5.00','3','',',621:,',0),(545,'ორაგ. ქინდძმარში',5,'5.00','3','',',623:,',1),(546,'ორაგ. შემწვარი',5,'5.00','3','',',624:,',1),(547,'ორაგული შამფურზე',9,'7.00','4','',',',1),(548,'გუფთა',3,'5.00','3','',',',1),(549,'სკუმბრია ბაჟეში',5,'4.50','3','',',627:,',1),(550,'ბელინკაია 0.5',12,'11.00','1','',',628:,',1),(551,'გოსუდარევ 0.5',12,'10.00','1','',',629:,',1),(552,'5 კაპელ',12,'9.00','1','',',630:,',1),(554,'serebro 1L',12,'32.00','1','',',632:,',1),(555,'მწვანე სალათი',2,'3.00','3','',',633:,',1),(556,'დუმა 0.250',9,'4.00','4','',',634:,',1),(557,'ნაყინი',11,'3.00','1','',',635:,',1),(558,'ცივი ყავა ნაყინით',11,'3.00','1','',',636:,',1),(559,'ტესტ',3,'5.00','4','',',387:0.250,23:0.100,2:0.005,42:0.100,135:0.005,',1),(560,'ტესტი სალათა',2,'2.00','3','',',79:0.150,80:0.150,23:0.20,',1),(561,'რაღაცა',2,'3.00','3','',',',1);
/*!40000 ALTER TABLE `product` ENABLE KEYS */;
UNLOCK TABLES;

--
-- Table structure for table `productebi`
--

DROP TABLE IF EXISTS `productebi`;
/*!40101 SET @saved_cs_client     = @@character_set_client */;
/*!40101 SET character_set_client = utf8 */;
CREATE TABLE `productebi` (
  `id` int(11) NOT NULL AUTO_INCREMENT,
  `saxeli` varchar(100) CHARACTER SET utf8 DEFAULT NULL,
  `raodenoba` varchar(60) DEFAULT NULL,
  `minraodenoba` varchar(60) DEFAULT NULL,
  `adgili` varchar(60) DEFAULT NULL,
  PRIMARY KEY (`id`)
) ENGINE=MyISAM AUTO_INCREMENT=638 DEFAULT CHARSET=latin1;
/*!40101 SET character_set_client = @saved_cs_client */;

--
-- Dumping data for table `productebi`
--

LOCK TABLES `productebi` WRITE;
/*!40000 ALTER TABLE `productebi` DISABLE KEYS */;
INSERT INTO `productebi` VALUES (1,'სულგუნი','-1','100','3'),(2,'მარილი','-0.126','5','3'),(20,'ღორის ხორცი','-0.45','0','3'),(21,'მწვანილი','0','0','3'),(22,'კომბოსტო','0','0','3'),(23,'ხახვი','-1.595','0','3'),(24,'ტომატი','-0.05','0','3'),(25,'ყველი შებოლილი ','0','0','3'),(26,'საქონლის ხორცი','2.358','0','3'),(27,'ზეთი','-0.3','5','3'),(29,'ნიორი','-0.845','0','3'),(30,'პილპილი შავი','-0.026','0','3'),(31,'პილპილი წითელი','0','0','3'),(604,'სკუმბრია შემწვარი','0','2','3'),(33,'კარაქი','-0.07','0','3'),(34,'ფქვილი','-1.572','0','3'),(35,'სვანური მარილი','-0.018','0','3'),(82,'სალათის ფოთოლი','0','0','3'),(81,'რეჰანი','-0.005','0','3'),(36,'ოხრახუში','-0.005','0','3'),(37,'ტარხუნა','0','0','3'),(38,'წიწაკა მწვანე','-0.01','0','3'),(39,'მწვანე ხახვი','0','0','3'),(40,'წიწმატი','0','0','3'),(41,'ბოლოკი','0','0','3'),(42,'ყველი იმერული','9.5','0','3'),(44,'გუდა','0','0','3'),(45,'ყველი ჰოლანდიური','0','0','3'),(46,'კიტრის მწნილი','0','2','3'),(47,'ჯონჯოლი','0','0','3'),(48,'წიწაკის მწნილი','0','0','3'),(49,'მაიონეზი','-0.1','0','3'),(50,'ბადრიჯანი','0','0','3'),(51,'ნიგოზი','0','0','3'),(52,'ბროწეული','-0.02','0','3'),(53,'ქათმის ფილე','0','0','3'),(54,'ნიახური','0','0','3'),(56,'უცხო სუნელი','-0.02','0','3'),(57,'ყვითელი ყვავილი','-0.006','0','3'),(59,'ხმელი ქინძი','-0.01','0','3'),(60,'დაფნა','-0.002','0','3'),(61,'საქონლის ენა','0','0','3'),(62,'ქათამი გაყინული','0','0','3'),(63,'ძმარი','-0.01','0','3'),(65,'ზეთის ხილი','0','0','3'),(66,'ლიმონი','0','0','3'),(67,'ნადუღი','0','0','3'),(68,'პიტნა','0','0','3'),(69,'ცხვრის ხორცი','0','0','3'),(70,'ისპანახი','0','2','3'),(71,'ქინძი ცოცხალი','-0.4','0','3'),(72,'დაღერღილი წიწაკა','-0.021','0','3'),(73,'კუჭმაჭი','0','0','3'),(489,'ბატკნის ჯიგარი','0','0','4'),(75,'ზაფრანა','0','0','3'),(76,'ქონდარი','-0.025','0','3'),(77,'ბურვაკის ხორცი','0','0','3'),(78,'შებოლილი ლორი','0','0','3'),(79,'კიტრი','0.9','0','3'),(80,'პომიდორი','-1.3','0','3'),(83,'ორცხობილა კუბეტი','0','0','3'),(85,'კამა','-0.02','0','3'),(222,'შოთი','0','0','3'),(87,'კარტოფილი','-0.25','0','3'),(90,'ბულგარული','0','0.500','3'),(91,'სიმინდი ქილაში','0','0','3'),(92,'სტაფილო','0','0','3'),(93,'გაროხი','0','0','3'),(94,'კვერცხი','-1','0','3'),(95,'ქლიავის ჩირი','0','0','3'),(96,'სოიოს სოუზი','0','0','3'),(97,'ყურძენი','0','0','3'),(98,'ბრინჯი','0','0','3'),(100,'ქამა სოკო','0','0','3'),(101,'ხბოს ხორცი','0','0','3'),(102,'დაფქვილი წიწაკა წითელი','-0.003','0','3'),(103,'ტყემალი','0','0','3'),(105,'ღვინო სუფრის თეთრი','0','0','3'),(106,'ღორის სალა','-0.048','0','3'),(107,'კოწახური','0','0','3'),(108,'ნაწლავი','0','0','3'),(109,'ბადე ქონში','0','0','3'),(110,'დედალი','0','0','3'),(118,'მწყერი','0','0','3'),(111,'წიწილა','0','0','3'),(112,'ღორის ჯიგარი','-0.5','0','3'),(114,'ტვინი','0','0','3'),(117,'სუკი ღორის','0','0','3'),(119,'ახალი კარტოფილი','-0.5','0','3'),(120,'ლობიო ხმელი','0','0','3'),(123,'ლოქო','0','0','3'),(124,'კალმახი','0','10','3'),(125,'ძირა','-0.028','0','3'),(127,'დაჩა კარაქი','0','0','3'),(128,'საფუარი','0','0','3'),(129,'კეჩუპი','0','0','3'),(130,'სიმინდის ფქვილი','0','0','3'),(548,'საქონლის კუდი','0','1','3'),(561,'გოჩი','0','1','3'),(134,'მდოგვი','0','0','3'),(135,'შაქარი','-0.06','0','3'),(136,'არაყი გომი 1ლ','0','0','1'),(137,'ღორის კანჭი','0','0','3'),(636,'ცივი ყავა ნაყინით','0','5','1'),(139,'აჯიკა','0','0','3'),(145,'ნაშარაფი','0','0','3'),(600,'შილა','0','5','3'),(141,'სუმახი','-0.015','0','3'),(573,'ჭარხ.ვინედრეტი','0','1','3'),(558,'დოძი ღვინო','0','1','1'),(152,'თელ/ველ საფერავი 0.750','0','3','1'),(635,'ნაყინი','0','8','1'),(632,'serebro 1L','0','5','1'),(633,'მწვანე სალათა','0','5','3'),(159,'მედოფი კლ. 0.7','0','0','1'),(160,'მედოფი სამეფო 0.5','0','0','1'),(162,'არაყი მედოფი კლ.  0.5','0','0','1'),(634,'დუმა 0.250','0','5','4'),(629,'გოსუდარევ 0.5','0','5','1'),(628,'ბელინკაია 0.5','0','5','1'),(618,'საზანი0.250','0','5','4'),(617,'კ/პ თურქულათ','0','5','3'),(616,'ლიკანი 1.250','0','5','1'),(615,'ფანტა 1.500','0','5','1'),(613,'ჭაჭა 0.5','0','5','1'),(612,'ასკანდელი','0','2','1'),(611,'ასკანდელი','0','5','1'),(347,'ნემიროვ ხორბლის 0.2','0','0','1'),(609,'ბანბანერკა','0','2','1'),(193,'ნემიროვ 0.5 ხორბლის','0','0','1'),(192,'ნემიროვ ბერიოზა 0.5','0','0','1'),(607,'კოკა კოლა','0','2','1'),(608,'ფანტა','0','2','1'),(606,'სარაჯიშვილი vsop','0','2','1'),(195,'ნემიროვ ლექს 0.5','0','0','1'),(196,'ტაბაკა წიწილა','0','0','3'),(247,'ვინსტონი','0','0','1'),(199,'არაყი  გომი პრესტიჟი 0.5','0','0','1'),(200,'ლუდი ნატახტარი 0,400','-8','0','1'),(201,'მთიელი 0,400','0','0','1'),(630,'5 კაპელ ','0','5','1'),(605,'ტოლმა ','0','5','3'),(614,'კოკა კოლა','0','5','1'),(204,'ლუდი სტელა 0,340','0','0','1'),(506,'დუმა','-0.6','0','4'),(507,'ბატკანი რბილი','-0.15','0','4'),(508,'ლოქო (მაყალი)','0','0','4'),(210,'არაყი პარლამენტი 0.5','0','0','1'),(244,'ჩიფსი პატარა','0','0','1'),(601,'ენა ფრამგულათ','0','5','3'),(213,'არაყი ხორტიცა კლასიკური 1.0','0','0','1'),(214,'არაყი ხორტიცა აისი 0.5','0','0','1'),(215,'არაყი ხორტიცა პლატინიუმი 0.7','0','0','1'),(217,'არაყი მედავუხი მაისკაია 0.5','0','0','1'),(218,'არაყი ხორტიცა პლატინიუმი 0.2','0','0','1'),(219,'არაყი ხორტიცა კლასიკური 0.2','0','0','1'),(603,'სკუმბრია ქინძმარში','0','2','3'),(620,'სიმინდის ზეთი','0','5','4'),(229,'ხლებნი დარი კლ. 0.7','0','0','1'),(230,'ხლებნი დარი კლ. 0.5','0','0','1'),(231,'არაყი გრუმი 0.5','0','0','1'),(599,'მექსიკურად კარტ.','0','5','3'),(596,'გომი ორიგინალი','0','3','1'),(233,'არაჟანი','0','0','3'),(598,'მანდარინი','0','2','3'),(235,'ჩალაღაჯი','0','0','3'),(597,'ცოცხალი','0','3','3'),(238,'ჩაი','0','0','1'),(239,'უნალექო ყავა','-2','0','1'),(240,'სანთებელა','0','0','1'),(245,'მიწის თხილი','0','0','1'),(242,'მარლბორო ','0','0','1'),(250,'ნალექიანი ყავა','-2','0','1'),(297,'შაშხი','0','0','3'),(254,'მსხალი','0','0','3'),(255,'ბანანი','0','0','3'),(256,'ფორთოხალი','0','0','3'),(546,'მერნაია0.5','0','1','1'),(547,'ხბოს კანჭი','0','1','3'),(262,'პარლამენტი','-1','0','1'),(631,'ბოსტ.რაგუ','0','5','3'),(266,'ნემიროვი 1.0','0','0','1'),(595,'ვისტონი წვრილი','0','5','1'),(268,'წვენი ','0','0','1'),(588,'ხილის ასორტი','0','1','1'),(293,'გოჭი','0','0','3'),(282,'ვაშლი','0','1','3'),(278,'მაწონი','-0.1','0','3'),(619,'გოჭის შეწვა','0','1','3'),(623,'ორაგ. ქინძმარში','0','2','3'),(584,'თევზის ოსტრი','0','1','3'),(585,'თევზი ბაჯე','0','1','3'),(586,'შემწ. სტავრიდა','0','1','3'),(345,'ლიმონათი ნატახტარი 0.5','-8','0','1'),(510,'ნესვი','0','0','3'),(522,'ცხვრის ნეკნი','0','1','4'),(511,'ხბოს მწვადი','0','0','4'),(512,'სოფლის დედალი','0','0','3'),(292,'პრასი','0','0','3'),(587,'ტკბილი ფლავი','0','1','3'),(580,'ამსტერდამი','0','1','3'),(582,'კრაბი სალათი','0','1','3'),(583,'სტაფილო ნიგოზით','0','1','3'),(312,'ჩიფსი საშუალო','0','0','1'),(569,'ღომი','0','1','3'),(315,'გოჭის ხორცი','0','0','3'),(622,'საირმე','0','','1'),(621,'ხარჩო','0','2','4'),(563,'ტალსტალობიკი','0','1','3'),(329,'ჩამოსასხმელი არაყი ','0','0','1'),(594,'მალბორო წვრილი','0','5','1'),(625,'ორაგული შამფურზე','0','2','3'),(348,'ნემიროვ წიწაკის 0.5','0','0','1'),(346,'ნემიროვ წიწაკის 0.2','0','0','1'),(562,'ნამცხვარი','0','1','1'),(503,'ივერიონი ორიგ. 0.5','0','0','1'),(353,'ლაფა','0','0','1'),(351,'სუხარი','0','0','1'),(357,'საქონლის ქონი','-0.482','0','3'),(356,'შაქარი პაკეტის','0','0','1'),(358,'ერბო','-0.24','0','3'),(415,'ლიმონათი ზედაზენი 0,5','0','0','1'),(394,'ალაზნის ველი წითელი','0','1','1'),(359,'ღვინო სარაჯ. შარდონე','0','0','1'),(360,'ღვინო სარაჯ. საფერავი 2008','0','0','1'),(627,'სკუმბრია ბაჟეში','0','5','3'),(362,'ღვინო  სარაჯ. მწვანე 2011','0','0','1'),(363,'ღვინო სარაჯ. რქაწითელი 2009','0','0','1'),(364,'ღვინო  სარაჯ. გლინსტეინი','0','0','1'),(365,'ღვინო სარაჯ. ქინძმარაული2008','0','0','1'),(366,'კონიაკი სარაჯ. 5* 0.2','0','0','1'),(367,'კონიაკი სარაჯ. 5* 0.5','0','0','1'),(368,'კონიაკი სარაჯ. 5* 0.350','0','0','1'),(369,'კონიაკი სარაჯ. 3* 0.2 ','0','0','1'),(370,'კონიაკი სარაჯ. 3* 0.350','0','0','1'),(371,'კონიაკი სარაჯ. VS 0.350','0','0','1'),(372,'კონიაკი სარაჯ. VS 0.5','0','0','1'),(373,'ღვინო სარაჯ. რქაწითელი 2011','0','0','1'),(374,'თელ ველ კახური 8','0','3','1'),(544,'კურდღელი ','0','1','3'),(541,'ტალკა 0.5','0','1','1'),(542,'სოფლის ვარია','0','1','3'),(377,'სერებრო 0,7','0','0','1'),(378,'წყალი 0,5','-4','0','1'),(576,'ლობიოს სალათი','0','1','3'),(578,'ტკბილი ფლავი','0','1','3'),(383,'ღვინო ჩამოსასხმელი','0','0','1'),(559,'ხბო აჯიკით','0','1','3'),(423,'ხორტ პროხ 0.5','0','0','1'),(387,'ბატკანი','0','1','4'),(565,'ბუს–კვერცხი','0','1','1'),(540,'ენერჯი სასმელი','0','5','1'),(539,'მჯავის ასორტი','0','1','1'),(390,'თეთრი ხორცი','0','0','4'),(391,'საქონლის ხორცი (მაყალი)','5','0','4'),(610,'სარაჯიშვილი vsop 0.5','0','1','1'),(624,'ორაგ. შემწვარი','0','2','3'),(551,'ხლებნი დარ0.200','0','1','1'),(555,'ექსპრესო','0','1','1'),(568,'ბუხარი','0','1','3'),(504,'შამპ სამეფო','0','0','1'),(402,'დანსკა 0,5','0','0','1'),(403,'დანსკა 0,7','0','0','1'),(572,'ჯარხ.ვინეგრეტი','0','1','3'),(567,'ინდაურის მწვადი','0','3','4'),(517,'გარეული ტახი','0','0','4'),(408,'თელ/ველ ევროპული','0','3','1'),(420,'არაყი გრაფინი 0.5','0','3','1'),(416,'ლიკანი 0,5','0','0','1'),(410,'არაყი ფინორდი 0.5','0','5','1'),(505,'საზამთრო','0','0','3'),(543,'ცხვრის ხინკალი','0','1','3'),(412,'სობიესკი 0.5','0','0','1'),(413,'ელბი 0.5','0','0','1'),(414,'ელბი ჟოლო 0.5','0','0','1'),(417,'ნაბეღლავი 0,5','0','0','1'),(418,'ბორჯომი 0,5','-4','10','1'),(626,'გუფთა','0','5','3'),(591,'ლახმანჯო','0','1','3'),(637,'რაღაც','2','1','3'),(579,'სოკოს შილა','0','1','3'),(531,'ქლიავი','0','1','3'),(532,'ვაშლ ატამა','0','1','3'),(533,'მაშარაფი','0','1','3'),(509,'არაყი ხორტიცა პლატინიუმი 0.5','0','0','1'),(525,'პიცა სამარხვო','0','1','3'),(500,'საიმაა 0.5','0','0','1'),(523,'ჭარხლის ფოთოლი','0','1','3'),(518,'საქონლის კუდი','0','0','4'),(516,'ჭარხალი','0','0','3'),(492,'შაქარი ნატეხი','0','0','4'),(520,'ფხლოვანა','0','0','3'),(514,'დიროლი','0','0','1'),(570,'კარტოფილი ფოლგაში','0','1','3'),(566,'კაიზერი','0','1','1'),(519,'სახაშლამე ხორცი','0','0','3'),(556,'სობიესკი0.7ლ','0','1','1'),(557,'ჩოხ ღვინო','0','1','1'),(538,'საქონლის ჯიგარი','0','1','3'),(564,'ეფესი','0','20','1'),(560,'სარაჯ3* 05','0','1','1'),(592,'კომბოსტოს მჟავე','0','2','3'),(552,'ბექსი ლუდი','-14','3','1'),(498,'შამპ სოვეცკაია','0','0','1'),(574,'სოკოს ოსტრი','0','1','3'),(550,'ლობიანი ყველით','0','1','3'),(499,'ლავაში','-8','0','3'),(590,'გრადუსი შავი','0','6','1'),(554,'ამერიკანო','0','1','1'),(537,'ბელი–ამურ','0','1','4'),(549,'გოჭი ','0','1','3'),(526,'ომბალო','0','1','3'),(571,'კომბ. რულეტი','0','1','3'),(524,'ზაქის მწვადი','0','1','4'),(530,'ატამი','0','1','3'),(529,'ქილ ნატახტარი 0.5','0','1','1'),(513,'სოკოს სალათა','0','0','3'),(515,'არაყი ცარიცა 0.5','0','0','1'),(534,'სულგუნის ფირფიტები','0','1','3'),(535,'ბლინჩიკი','0','1','3'),(488,'სერებრო 0.5','0','0','1'),(490,'ხის სოკო','0','0','3'),(491,'ჩაი ჩაიდნის','0','0','1'),(593,'ნივრის მწნილი','0','1','3'),(495,'ყავა ექსპრესო','0','0','1'),(602,'ჟულიენი','0','5','3'),(536,'ქათმის გულ გვიდზლი','0','1','3'),(493,'მედოფი 1ლ','0','0','1'),(494,'ჩეჩილი','0','0','1'),(502,'წვენი ჯუსი','0','0','1'),(527,'(საზ–ნესვი) 0.5 პატარა','0','1','3'),(545,'სობიესკი 0.7','0','1','1'),(496,'საქონლის გული','0','0','4'),(553,'სპატენი ლუდი','0','1','1'),(497,'ღორის ხორცი (მაყალი)','0','0','4'),(521,'ქაბაბის ლავაში','0','1','4'),(501,'ბაკალი','0','0','1'),(575,'ხაჭ.კარტოფილის','0','1','3'),(581,'ყვავილოვანი კომბოსტო','0','1','3'),(528,'ხორტიცა 07','0','1','1'),(577,'ბოსტნ.ტოლმა','0','1','3'),(589,'ერბო კვერცხი','0','1','1'),(487,'ლოვენ ბრაო 0.5','0','0','1'),(481,'ნემიროვი 0.7','0','0','1'),(482,'სტალიჩნაია 0.5','0','0','1'),(483,'სტალიჩნაია 0.7','0','0','1'),(484,'სტალიჩნაია 1.0','0','0','1'),(485,'დანსკა 1.0','0','0','1'),(486,'არაყი გრადუსი 0.5','0','5','1'),(480,'ივერიონი კლას0.5','0','0','1');
/*!40000 ALTER TABLE `productebi` ENABLE KEYS */;
UNLOCK TABLES;

--
-- Table structure for table `sell`
--

DROP TABLE IF EXISTS `sell`;
/*!40101 SET @saved_cs_client     = @@character_set_client */;
/*!40101 SET character_set_client = utf8 */;
CREATE TABLE `sell` (
  `id` int(11) NOT NULL AUTO_INCREMENT,
  `prod_id` int(11) DEFAULT NULL,
  `raodenoba` int(11) DEFAULT NULL,
  `ertfasi` varchar(20) DEFAULT NULL,
  `fasi` varchar(20) DEFAULT NULL,
  `saxeli` varchar(100) CHARACTER SET utf8 DEFAULT '',
  `cat` int(11) DEFAULT NULL,
  `dro` varchar(60) DEFAULT NULL,
  `year` int(11) DEFAULT NULL,
  `month` int(11) DEFAULT NULL,
  `day` int(11) DEFAULT NULL,
  `hour` int(11) DEFAULT NULL,
  `min` int(11) DEFAULT NULL,
  `sec` int(11) DEFAULT NULL,
  `magida` varchar(60) CHARACTER SET utf8 DEFAULT NULL,
  `seqcia` varchar(60) DEFAULT NULL,
  `adgili` varchar(60) CHARACTER SET utf8 DEFAULT NULL,
  `print` int(11) DEFAULT NULL,
  `user` varchar(60) DEFAULT NULL,
  PRIMARY KEY (`id`)
) ENGINE=MyISAM AUTO_INCREMENT=30 DEFAULT CHARSET=latin1;
/*!40101 SET character_set_client = @saved_cs_client */;

--
-- Dumping data for table `sell`
--

LOCK TABLES `sell` WRITE;
/*!40000 ALTER TABLE `sell` DISABLE KEYS */;
INSERT INTO `sell` VALUES (1,561,1,'3.00','3','რაღაცა',2,'1400410370',2014,5,18,15,52,50,'1','1','3',0,'70'),(2,114,2,'4.00','8','ახალი კარტოფილი სეზონურად',4,'1400406961',2014,5,18,14,56,1,'66','4','3',0,'70'),(3,351,2,'6.00','12','კუბდარი',7,'1400406966',2014,5,18,14,56,6,'66','4','3',0,'70'),(4,19,2,'5.00','10','იმერული ყველი',1,'1400406976',2014,5,18,14,56,16,'66','4','3',0,'70'),(5,113,1,'2.5','2.5','კარტოფილი ფრი',4,'1400406996',2014,5,18,14,56,36,'66','4','3',0,'70'),(6,140,1,'1.50','1.5','მაიონეზის საწებელი',8,'1400407008',2014,5,18,14,56,48,'66','4','3',0,'70'),(7,469,4,'0.60','2.4','ცხვრის ხინკალი',6,'1400407018',2014,5,18,14,56,58,'66','4','3',0,'70'),(8,540,1,'4.50','4.5','კ/პ თურქულათ',2,'1400407028',2014,5,18,14,57,8,'66','4','3',0,'70'),(9,436,2,'1.00','2','ლავაში',7,'1400407035',2014,5,18,14,57,15,'66','4','3',0,'70'),(10,478,3,'3.00','9','ბექსი ლუდი',0,'1400407057',2014,5,18,14,57,37,'66','4','1',0,'70'),(11,402,1,'1.5','1.5','ლიმონათი ნატახტარი 0,5',15,'1400407064',2014,5,18,14,57,44,'66','4','1',0,'70'),(12,354,3,'5.00','15','ბოსტნეულის მწვადი',9,'1400407699',2014,5,18,15,8,19,'66','4','4',0,'70'),(13,478,3,'3.00','9','ბექსი ლუდი',0,'1400408010',2014,5,18,15,13,30,'66','4','1',0,'70'),(14,402,1,'1.5','1.5','ლიმონათი ნატახტარი 0,5',15,'1400408259',2014,5,18,15,17,39,'66','4','1',0,'70'),(15,351,1,'6.00','6','კუბდარი',7,'1400413923',2014,5,18,16,52,3,'1','1','3',0,'65'),(16,351,1,'6.00','6','კუბდარი',7,'1400414141',2014,5,18,16,55,41,'1','1','3',0,'65'),(17,402,2,'1.5','3','ლიმონათი ნატახტარი 0,5',15,'1400414148',2014,5,18,16,55,48,'1','1','1',0,'65'),(18,351,2,'6.00','12','კუბდარი',7,'1400414178',2014,5,18,16,56,18,'65','1','3',0,'70'),(19,402,2,'1.5','3','ლიმონათი ნატახტარი 0,5',15,'1400414190',2014,5,18,16,56,30,'65','1','1',0,'70'),(20,366,2,'1.00','2','წყალი 0,5',14,'1400414194',2014,5,18,16,56,34,'65','1','1',0,'70'),(21,400,2,'1.5','3','ნატახტარი 0,400',0,'1400414409',2014,5,18,17,0,9,'65','1','1',0,'70'),(22,436,1,'1.00','1','ლავაში',7,'1400414422',2014,5,18,17,0,22,'65','1','3',0,'70'),(23,21,1,'6.00','6','სულგუნი',1,'1400414433',2014,5,18,17,0,33,'65','1','3',0,'70'),(24,38,1,'3.00','3','კ/პ სალათა გლეხურად',2,'1400414449',2014,5,18,17,0,49,'65','1','3',0,'70'),(25,21,1,'6.00','6','სულგუნი',1,'1400417498',2014,5,18,17,51,38,'65','1','3',0,'70'),(26,244,2,'1.5','3','ნალექიანი ყავა',11,'1400418351',2014,5,18,18,5,51,'65','1','1',0,'70'),(27,238,2,'2.00','4','უნალექო ყავა',11,'1400418381',2014,5,18,18,6,21,'65','1','1',0,'70'),(28,121,10,'0.50','5','ხინკალი ქალაქური',6,'1400416864',2014,5,18,17,41,4,'2','1','3',0,'65'),(29,121,6,'0.50','3','ხინკალი ქალაქური',6,'1400417636',2014,5,18,17,53,56,'2','1','3',0,'65');
/*!40000 ALTER TABLE `sell` ENABLE KEYS */;
UNLOCK TABLES;

--
-- Table structure for table `sell_temp`
--

DROP TABLE IF EXISTS `sell_temp`;
/*!40101 SET @saved_cs_client     = @@character_set_client */;
/*!40101 SET character_set_client = utf8 */;
CREATE TABLE `sell_temp` (
  `id` int(11) NOT NULL AUTO_INCREMENT,
  `prod_id` int(11) DEFAULT NULL,
  `raodenoba` int(11) DEFAULT NULL,
  `ertfasi` varchar(20) DEFAULT NULL,
  `fasi` varchar(20) DEFAULT NULL,
  `saxeli` varchar(100) CHARACTER SET utf8 DEFAULT NULL,
  `cat` int(11) DEFAULT NULL,
  `dro` varchar(60) DEFAULT NULL,
  `year` int(11) DEFAULT NULL,
  `month` int(11) DEFAULT NULL,
  `day` int(11) DEFAULT NULL,
  `hour` int(11) DEFAULT NULL,
  `min` int(11) DEFAULT NULL,
  `sec` int(11) DEFAULT NULL,
  `magida` varchar(60) CHARACTER SET utf8 DEFAULT NULL,
  `seqcia` varchar(60) DEFAULT NULL,
  `adgili` varchar(60) CHARACTER SET utf8 DEFAULT NULL,
  `print` int(11) DEFAULT NULL,
  `user` varchar(60) DEFAULT NULL,
  PRIMARY KEY (`id`)
) ENGINE=MyISAM AUTO_INCREMENT=59 DEFAULT CHARSET=latin1;
/*!40101 SET character_set_client = @saved_cs_client */;

--
-- Dumping data for table `sell_temp`
--

LOCK TABLES `sell_temp` WRITE;
/*!40000 ALTER TABLE `sell_temp` DISABLE KEYS */;
INSERT INTO `sell_temp` VALUES (27,139,1,'1.00','1','ტომატის საწებელი',8,'1400413903',2014,5,18,16,51,43,'89','5','3',0,'65'),(26,400,2,'1.5','3','ნატახტარი 0,400',0,'1400413153',2014,5,18,16,39,13,'89','5','1',0,'65'),(25,478,3,'3.00','9','ბექსი ლუდი',0,'1400413149',2014,5,18,16,39,9,'89','5','1',0,'65'),(24,478,2,'3.00','6','ბექსი ლუდი',0,'1400413131',2014,5,18,16,38,51,'89','5','1',0,'65'),(23,366,2,'1.00','2','წყალი 0,5',14,'1400413101',2014,5,18,16,38,21,'89','5','1',0,'65'),(22,404,2,'1.5','3','ბორჯომი 0,5',14,'1400413092',2014,5,18,16,38,12,'89','5','1',0,'65'),(20,345,1,'1.00','1','მაწონი ნივრით',8,'1400413035',2014,5,18,16,37,15,'89','5','3',0,'65'),(19,436,2,'1.00','2','ლავაში',7,'1400412985',2014,5,18,16,36,25,'89','5','3',0,'65'),(18,103,2,'12.00','24','ხაშლამა საქონლის',4,'1400412975',2014,5,18,16,36,15,'89','5','3',0,'65'),(21,224,3,'5.00','15','ქაბაბი შამფურზე',9,'1400413058',2014,5,18,16,37,38,'89','5','4',0,'65'),(17,21,1,'6.00','6','სულგუნი',1,'1400412956',2014,5,18,16,35,56,'89','5','3',0,'65'),(15,97,2,'5.00','10','ღორის ჯიგარი კეცზე',4,'1400412936',2014,5,18,16,35,36,'89','5','3',0,'65'),(16,540,2,'4.50','9','კ/პ თურქულათ',2,'1400412949',2014,5,18,16,35,49,'89','5','3',0,'65'),(51,404,1,'1.5','1.5','ბორჯომი 0,5',14,'1400419222',2014,5,18,18,20,22,'89','5','1',0,'65'),(50,402,1,'1.5','1.5','ლიმონათი ნატახტარი 0,5',15,'1400418695',2014,5,18,18,11,35,'89','5','1',0,'65'),(53,408,1,'7.00','7','სულგუნი კეცზე',4,'1400419455',2014,5,18,18,24,15,'89','5','3',0,'65'),(54,436,2,'1.00','2','ლავაში',7,'1400419461',2014,5,18,18,24,21,'89','5','3',0,'65'),(55,478,1,'3.00','3','ბექსი ლუდი',0,'1400420731',2014,5,18,18,45,31,'89','5','1',0,'65'),(56,400,1,'1.5','1.5','ნატახტარი 0,400',0,'1400420905',2014,5,18,18,48,25,'89','5','1',0,'65'),(57,260,1,'5.00','5','პარლამენტი',18,'1400421085',2014,5,18,18,51,25,'89','5','1',0,'65'),(58,400,1,'1.5','1.5','ნატახტარი 0,400',0,'1400421563',2014,5,18,18,59,23,'89','5','1',0,'65'),(38,478,1,'3.00','3','ბექსი ლუდი',0,'1400414686',2014,5,18,17,4,46,'89','5','1',0,'65'),(39,436,1,'1.00','1','ლავაში',7,'1400415575',2014,5,18,17,19,35,'89','5','3',0,'65'),(40,400,1,'1.5','1.5','ნატახტარი 0,400',0,'1400415585',2014,5,18,17,19,45,'89','5','1',0,'65'),(52,402,1,'1.5','1.5','ლიმონათი ნატახტარი 0,5',15,'1400419225',2014,5,18,18,20,25,'89','5','1',0,'65'),(42,478,1,'3.00','3','ბექსი ლუდი',0,'1400416885',2014,5,18,17,41,25,'89','5','1',0,'65'),(49,404,1,'1.5','1.5','ბორჯომი 0,5',14,'1400418690',2014,5,18,18,11,30,'89','5','1',0,'65'),(48,400,1,'1.5','1.5','ნატახტარი 0,400',0,'1400418683',2014,5,18,18,11,23,'89','5','1',0,'65');
/*!40000 ALTER TABLE `sell_temp` ENABLE KEYS */;
UNLOCK TABLES;

--
-- Table structure for table `seqciebi`
--

DROP TABLE IF EXISTS `seqciebi`;
/*!40101 SET @saved_cs_client     = @@character_set_client */;
/*!40101 SET character_set_client = utf8 */;
CREATE TABLE `seqciebi` (
  `id` int(11) unsigned NOT NULL DEFAULT '0',
  `name` varchar(60) CHARACTER SET utf8 DEFAULT NULL,
  `adgili_id` varchar(60) DEFAULT NULL,
  `printer` varchar(100) CHARACTER SET utf8 DEFAULT NULL,
  PRIMARY KEY (`id`)
) ENGINE=MyISAM DEFAULT CHARSET=latin1;
/*!40101 SET character_set_client = @saved_cs_client */;

--
-- Dumping data for table `seqciebi`
--

LOCK TABLES `seqciebi` WRITE;
/*!40000 ALTER TABLE `seqciebi` DISABLE KEYS */;
INSERT INTO `seqciebi` VALUES (1,'ბუნგალო','1','BARI'),(2,'კუპე','2','BARI'),(3,'ფაზენდა','3','BARI'),(4,'დარბაზი','4','BARI'),(5,'ბარი','5','BARI'),(6,'ეზო','6','BARI');
/*!40000 ALTER TABLE `seqciebi` ENABLE KEYS */;
UNLOCK TABLES;

--
-- Table structure for table `tables`
--

DROP TABLE IF EXISTS `tables`;
/*!40101 SET @saved_cs_client     = @@character_set_client */;
/*!40101 SET character_set_client = utf8 */;
CREATE TABLE `tables` (
  `id` int(11) NOT NULL AUTO_INCREMENT,
  `name` varchar(60) CHARACTER SET utf8 DEFAULT NULL,
  `visible` int(11) DEFAULT NULL,
  `seqcia` varchar(60) DEFAULT NULL,
  PRIMARY KEY (`id`)
) ENGINE=MyISAM AUTO_INCREMENT=90 DEFAULT CHARSET=latin1;
/*!40101 SET character_set_client = @saved_cs_client */;

--
-- Dumping data for table `tables`
--

LOCK TABLES `tables` WRITE;
/*!40000 ALTER TABLE `tables` DISABLE KEYS */;
INSERT INTO `tables` VALUES (1,'1',0,'1'),(2,'2',1,'1'),(3,'3',1,'1'),(4,'4',1,'1'),(65,'5',1,'1'),(26,'1',1,'2'),(27,'2',1,'2'),(28,'3',1,'2'),(29,'4',1,'2'),(30,'5',1,'2'),(69,'1',1,'6'),(40,'1',1,'3'),(41,'2',1,'3'),(68,'3',1,'4'),(70,'2',1,'6'),(71,'3',1,'6'),(72,'4',1,'6'),(74,'1',1,'5'),(56,'3',1,'3'),(57,'4',1,'3'),(58,'5',1,'3'),(66,'1',1,'4'),(61,'6',1,'3'),(67,'2',1,'4'),(75,'2',1,'5'),(76,'3',1,'5'),(77,'4',1,'4'),(78,'5',1,'4'),(79,'6',1,'4'),(80,'7',1,'4'),(81,'8',1,'4'),(82,'9',1,'4'),(83,'10',1,'4'),(86,'ემირი',1,'5'),(85,'კობა',1,'5'),(87,'კახა',1,'5'),(88,'პანცჰო',1,'5'),(89,'საერთო',1,'5');
/*!40000 ALTER TABLE `tables` ENABLE KEYS */;
UNLOCK TABLES;

--
-- Table structure for table `tanamshromlebi`
--

DROP TABLE IF EXISTS `tanamshromlebi`;
/*!40101 SET @saved_cs_client     = @@character_set_client */;
/*!40101 SET character_set_client = utf8 */;
CREATE TABLE `tanamshromlebi` (
  `id` int(11) NOT NULL AUTO_INCREMENT,
  `username` varchar(60) CHARACTER SET utf8 DEFAULT NULL,
  `password` varchar(60) DEFAULT NULL,
  `saxeli` varchar(60) CHARACTER SET utf8 DEFAULT NULL,
  `gvari` varchar(60) CHARACTER SET utf8 DEFAULT NULL,
  `addr` varchar(100) DEFAULT NULL,
  `tel` varchar(100) DEFAULT NULL,
  `role` varchar(60) DEFAULT NULL,
  `xelfasi` varchar(60) DEFAULT NULL,
  PRIMARY KEY (`id`)
) ENGINE=MyISAM AUTO_INCREMENT=78 DEFAULT CHARSET=latin1;
/*!40101 SET character_set_client = @saved_cs_client */;

--
-- Dumping data for table `tanamshromlebi`
--

LOCK TABLES `tanamshromlebi` WRITE;
/*!40000 ALTER TABLE `tanamshromlebi` DISABLE KEYS */;
INSERT INTO `tanamshromlebi` VALUES (22,'admin','1980','admin','admin','','','administrator',NULL),(65,'ინგა ვარსიმაშვილი','5555','ინგა ','ვარსიმაშვილი','','','user','0'),(73,'bugalteri','vika','bugalteri','bugalteri','','599109968','administrator',NULL),(77,'ლალი ნათენაძე','4455','ლალი','ნათენაძე','','593136873','user','0'),(67,'ნანა ნოზაძე','8888','ნანა ','ნოზაძე','','','user','0'),(74,'ქეთი ჩერქეზია','9999','ქეთი','ჩერქეზია','','551202629','user','0'),(69,'მაია ბორაშვილი','2222','მაია','ბორაშვილი','','','user','0'),(70,'საერთო','4444','საერთო','საერთონი','','598731997','user','0'),(72,'ნატალია სალამაშვილი','7777','ნატალია','სალამაშვილი','','514009333','user','0');
/*!40000 ALTER TABLE `tanamshromlebi` ENABLE KEYS */;
UNLOCK TABLES;

--
-- Table structure for table `valebi`
--

DROP TABLE IF EXISTS `valebi`;
/*!40101 SET @saved_cs_client     = @@character_set_client */;
/*!40101 SET character_set_client = utf8 */;
CREATE TABLE `valebi` (
  `id` int(11) NOT NULL AUTO_INCREMENT,
  `prod_id` int(11) DEFAULT NULL,
  `raodenoba` int(11) DEFAULT NULL,
  `ertfasi` varchar(20) DEFAULT NULL,
  `jami` varchar(20) DEFAULT NULL,
  `dro` varchar(60) DEFAULT NULL,
  `user` varchar(60) DEFAULT NULL,
  PRIMARY KEY (`id`)
) ENGINE=MyISAM DEFAULT CHARSET=latin1;
/*!40101 SET character_set_client = @saved_cs_client */;

--
-- Dumping data for table `valebi`
--

LOCK TABLES `valebi` WRITE;
/*!40000 ALTER TABLE `valebi` DISABLE KEYS */;
/*!40000 ALTER TABLE `valebi` ENABLE KEYS */;
UNLOCK TABLES;

--
-- Table structure for table `xarjebi`
--

DROP TABLE IF EXISTS `xarjebi`;
/*!40101 SET @saved_cs_client     = @@character_set_client */;
/*!40101 SET character_set_client = utf8 */;
CREATE TABLE `xarjebi` (
  `id` int(11) unsigned NOT NULL AUTO_INCREMENT,
  `text` varchar(150) CHARACTER SET utf8 DEFAULT NULL,
  `dro` varchar(60) DEFAULT NULL,
  `tanxa` varchar(60) DEFAULT NULL,
  PRIMARY KEY (`id`)
) ENGINE=MyISAM DEFAULT CHARSET=latin1;
/*!40101 SET character_set_client = @saved_cs_client */;

--
-- Dumping data for table `xarjebi`
--

LOCK TABLES `xarjebi` WRITE;
/*!40000 ALTER TABLE `xarjebi` DISABLE KEYS */;
/*!40000 ALTER TABLE `xarjebi` ENABLE KEYS */;
UNLOCK TABLES;
/*!40103 SET TIME_ZONE=@OLD_TIME_ZONE */;

/*!40101 SET SQL_MODE=@OLD_SQL_MODE */;
/*!40014 SET FOREIGN_KEY_CHECKS=@OLD_FOREIGN_KEY_CHECKS */;
/*!40014 SET UNIQUE_CHECKS=@OLD_UNIQUE_CHECKS */;
/*!40101 SET CHARACTER_SET_CLIENT=@OLD_CHARACTER_SET_CLIENT */;
/*!40101 SET CHARACTER_SET_RESULTS=@OLD_CHARACTER_SET_RESULTS */;
/*!40101 SET COLLATION_CONNECTION=@OLD_COLLATION_CONNECTION */;
/*!40111 SET SQL_NOTES=@OLD_SQL_NOTES */;

-- Dump completed on 2014-05-18 18:21:41
